"A_topic","B_topic","cosine_similarity","topic_words_A","topic_words_B"
"milei_speeches.rds_topic_0","bolsonaro_speeches.rds_topic_0",0.846821719106636,"dinero, entonces, ustedes, si, inflación, decir, demanda, precios, problema, va","vai, questão, governo, países, gente, pessoas, mundo, região, país, pandemia"
"milei_speeches.rds_topic_0","bolsonaro_speeches.rds_topic_1",0.887290783163496,"dinero, entonces, ustedes, si, inflación, decir, demanda, precios, problema, va","deus, vida, vou, pessoas, onde, verdade, família, lá, tudo, deus coração"
"milei_speeches.rds_topic_0","bolsonaro_speeches.rds_topic_2",0.983015281316009,"dinero, entonces, ustedes, si, inflación, decir, demanda, precios, problema, va","governador, barbalho, caixa, imposto, paraná, prezado, aqui, estado, todos, amigos"
"milei_speeches.rds_topic_0","bolsonaro_speeches.rds_topic_3",0.967867054596541,"dinero, entonces, ustedes, si, inflación, decir, demanda, precios, problema, va","todos, minas gerais, gerais, tarcísio, minas, brasil, aqui, obviamente, estado, satisfação"
"milei_speeches.rds_topic_0","bolsonaro_speeches.rds_topic_4",0.913133655758403,"dinero, entonces, ustedes, si, inflación, decir, demanda, precios, problema, va","exército, comandante, comandante exército, general, exército brasileiro, militar, pujol, senhores, forças, generais"
"milei_speeches.rds_topic_0","bolsonaro_speeches.rds_topic_5",0.874477846690578,"dinero, entonces, ustedes, si, inflación, decir, demanda, precios, problema, va","cada, hoje, caiado, todos, paulo guedes, guedes, outro, liberdade, brasil hoje, dia"
"milei_speeches.rds_topic_0","bolsonaro_speeches.rds_topic_6",0.88013389900918,"dinero, entonces, ustedes, si, inflación, decir, demanda, precios, problema, va","direitos, brasil, cubano, nações, deus, humanos, cubana, imprensa, nações unidas, unidas"
"milei_speeches.rds_topic_0","bolsonaro_speeches.rds_topic_7",0.942501876881196,"dinero, entonces, ustedes, si, inflación, decir, demanda, precios, problema, va","tereza cristina, cristina, tereza, questão, inmetro, agricultura, então, coisa, verdade, passado"
"milei_speeches.rds_topic_0","bolsonaro_speeches.rds_topic_8",0.811476760389358,"dinero, entonces, ustedes, si, inflación, decir, demanda, precios, problema, va","sacrifício própria, própria vida, servidor, vida, própria, forças, cadetes, 19 93, recebeu 19, servidores"
"milei_speeches.rds_topic_0","bolsonaro_speeches.rds_topic_9",0.948671231475433,"dinero, entonces, ustedes, si, inflación, decir, demanda, precios, problema, va","mercosul, bloco, senhoras senhores, josé múcio, múcio, josé, senhoras, acordos, reformas, mario abdo"
"milei_speeches.rds_topic_0","bolsonaro_speeches.rds_topic_10",0.678909659091454,"dinero, entonces, ustedes, si, inflación, decir, demanda, precios, problema, va","piauí, mão santa, povo, parnaíba, tudo, brasil povo, grande, acima, nordeste, brasil"
"milei_speeches.rds_topic_0","bolsonaro_speeches.rds_topic_11",0.947825439033756,"dinero, entonces, ustedes, si, inflación, decir, demanda, precios, problema, va","toffoli, dias toffoli, levi, jorge, prezado dias, excelência, sentido, vossa excelência, noronha, prezado"
"milei_speeches.rds_topic_0","bolsonaro_speeches.rds_topic_12",0.949073345175683,"dinero, entonces, ustedes, si, inflación, decir, demanda, precios, problema, va","questão, terno, gente, lá, jorge seif, seif, jorge, então, informação, caiado"
"milei_speeches.rds_topic_0","bolsonaro_speeches.rds_topic_13",0.988001784998411,"dinero, entonces, ustedes, si, inflación, decir, demanda, precios, problema, va","ceagesp, moretti, 2018, sergipe, vida, bem, lado, bala, obviamente, sempre"
"milei_speeches.rds_topic_0","bolsonaro_speeches.rds_topic_14",0.864930034929791,"dinero, entonces, ustedes, si, inflación, decir, demanda, precios, problema, va","amazônia, governador, república jair, estado, governadores, sr, jair bolsonaro, presidente, fundo amazônia, então"
"milei_speeches.rds_topic_0","bolsonaro_speeches.rds_topic_15",0.892010264640019,"dinero, entonces, ustedes, si, inflación, decir, demanda, precios, problema, va","decreto, fraga, arma, lupion, armas, defesa, peninha, senhor ministro, arma fogo, confiar"
"milei_speeches.rds_topic_0","bolsonaro_speeches.rds_topic_16",0.747700409113896,"dinero, entonces, ustedes, si, inflación, decir, demanda, precios, problema, va","aeronáutica, aérea brasileira, aérea, força aérea, força, israel, comandante, comandante aeronáutica, alícia, prestam"
"milei_speeches.rds_topic_0","bolsonaro_speeches.rds_topic_17",0.65646534167489,"dinero, entonces, ustedes, si, inflación, decir, demanda, precios, problema, va","brics, cooperação, empresarial, sociedades, temas, ndb, intervenções, inovação, vladimir putin, vladimir"
"milei_speeches.rds_topic_0","bolsonaro_speeches.rds_topic_18",0.6695239606661,"dinero, entonces, ustedes, si, inflación, decir, demanda, precios, problema, va","marajó, damares, médicos, cubano, revalida, irmãos marajó, internet, pouco, carreiro, programa médicos"
"milei_speeches.rds_topic_0","bolsonaro_speeches.rds_topic_19",0.736381563507128,"dinero, entonces, ustedes, si, inflación, decir, demanda, precios, problema, va","educação física, esporte, física, marcelo, preparo, preparo físico, veleiro, flávio rocha, exército, físico"
"milei_speeches.rds_topic_0","bolsonaro_speeches.rds_topic_20",0.638210130521464,"dinero, entonces, ustedes, si, inflación, decir, demanda, precios, problema, va","renan, médico, vacina, flávia arruda, renan calheiros, flávia, titular, arruda, calheiros, pessoas"
"milei_speeches.rds_topic_0","bolsonaro_speeches.rds_topic_21",0.95050395169172,"dinero, entonces, ustedes, si, inflación, decir, demanda, precios, problema, va","moro, sergio moro, sergio, difícil parte, agressão, criar meios, rosângela, abriu mão, prezado sergio, esposas"
"milei_speeches.rds_topic_0","bolsonaro_speeches.rds_topic_22",0.906950431918603,"dinero, entonces, ustedes, si, inflación, decir, demanda, precios, problema, va","pacheco, éder mauro, valentina, revolucionando, zequinha marinho, éder, agências, telefone, zequinha, obrigado"
"milei_speeches.rds_topic_0","bolsonaro_speeches.rds_topic_23",0.94614374598842,"dinero, entonces, ustedes, si, inflación, decir, demanda, precios, problema, va","fórmula, chase, senhor chase, jornalista, carey, senhor, piñera, guaidó, chase carey, presidente"
"milei_speeches.rds_topic_0","bolsonaro_speeches.rds_topic_24",0.977202792951327,"dinero, entonces, ustedes, si, inflación, decir, demanda, precios, problema, va","furlan, têm brasília, cunha lima, pandemia, grande, cunha, geraldo melo, aqui cima, cinquenta bilhões, vai meio"
"milei_speeches.rds_topic_0","bolsonaro_speeches.rds_topic_25",0.951060556443615,"dinero, entonces, ustedes, si, inflación, decir, demanda, precios, problema, va","skaf, baleia, paulo skaf, prova, aspirantes, lembro, villas boas, ensino, paulo, justiça andré"
"milei_speeches.rds_topic_0","bolsonaro_speeches.rds_topic_26",0.9963379848268,"dinero, entonces, ustedes, si, inflación, decir, demanda, precios, problema, va","pessoas falam, voz, instituto rio, formandos instituto, centenas, decisivos, trabalhem, sítio, minério, rio branco"
"milei_speeches.rds_topic_0","bolsonaro_speeches.rds_topic_27",0.726093207231604,"dinero, entonces, ustedes, si, inflación, decir, demanda, precios, problema, va","icms, tá, cobra, preço, refinaria, km, fruticultura, cobrar icms, combustível, basta"
"milei_speeches.rds_topic_0","bolsonaro_speeches.rds_topic_28",0.826340790916963,"dinero, entonces, ustedes, si, inflación, decir, demanda, precios, problema, va","paraguai, itaipu, cabo verde, binacional, brasil paraguai, itaipu binacional, presidente paraguai, visita, cabo, guiné"
"milei_speeches.rds_topic_0","bolsonaro_speeches.rds_topic_29",0.909206279840913,"dinero, entonces, ustedes, si, inflación, decir, demanda, precios, problema, va","guerson, gente, centavos, paulo guedes, guedes, petrobras, pix, cara, paulo, tcu"
"milei_speeches.rds_topic_0","bolsonaro_speeches.rds_topic_30",0.940499945106511,"dinero, entonces, ustedes, si, inflación, decir, demanda, precios, problema, va","ceará, iris, quero ir, caiado, aqui ceará, roraima, nesse estado, quero citar, deseducado, ninguém deseducado"
"milei_speeches.rds_topic_0","bolsonaro_speeches.rds_topic_31",0.899136558951363,"dinero, entonces, ustedes, si, inflación, decir, demanda, precios, problema, va","italiana, origem italiana, protocolo pessoa, atlântico, pessoa importante, paraquedistas, paraquedista, joão pereira, brigada, senhor joão"
"milei_speeches.rds_topic_0","bolsonaro_speeches.rds_topic_32",0.76000387060795,"dinero, entonces, ustedes, si, inflación, decir, demanda, precios, problema, va","colégio, colégio militar, professora, abril, escolas, escola, tá, militar, aluno, militares"
"milei_speeches.rds_topic_0","bolsonaro_speeches.rds_topic_33",0.986920183260417,"dinero, entonces, ustedes, si, inflación, decir, demanda, precios, problema, va","abraham, educação, atender necessitados, regionais, planos, aprender coisas, regiões planos, cabeça branca, vilarejo, espera abraham"
"milei_speeches.rds_topic_0","bolsonaro_speeches.rds_topic_34",0.996803564190971,"dinero, entonces, ustedes, si, inflación, decir, demanda, precios, problema, va","fausto, bb, daqui paulo, diesel, ida volta, endividou, cachorro quente, tá caro, vender cachorro, bb antecipa"
"milei_speeches.rds_topic_1","bolsonaro_speeches.rds_topic_0",0.987015254274261,"sector, si, país, argentina, decir, ser, ustedes, campo, vamos, hacer","vai, questão, governo, países, gente, pessoas, mundo, região, país, pandemia"
"milei_speeches.rds_topic_1","bolsonaro_speeches.rds_topic_1",0.890224581116329,"sector, si, país, argentina, decir, ser, ustedes, campo, vamos, hacer","deus, vida, vou, pessoas, onde, verdade, família, lá, tudo, deus coração"
"milei_speeches.rds_topic_1","bolsonaro_speeches.rds_topic_2",0.897357970826463,"sector, si, país, argentina, decir, ser, ustedes, campo, vamos, hacer","governador, barbalho, caixa, imposto, paraná, prezado, aqui, estado, todos, amigos"
"milei_speeches.rds_topic_1","bolsonaro_speeches.rds_topic_3",0.82397851805828,"sector, si, país, argentina, decir, ser, ustedes, campo, vamos, hacer","todos, minas gerais, gerais, tarcísio, minas, brasil, aqui, obviamente, estado, satisfação"
"milei_speeches.rds_topic_1","bolsonaro_speeches.rds_topic_4",0.976083311695031,"sector, si, país, argentina, decir, ser, ustedes, campo, vamos, hacer","exército, comandante, comandante exército, general, exército brasileiro, militar, pujol, senhores, forças, generais"
"milei_speeches.rds_topic_1","bolsonaro_speeches.rds_topic_5",0.976282770264501,"sector, si, país, argentina, decir, ser, ustedes, campo, vamos, hacer","cada, hoje, caiado, todos, paulo guedes, guedes, outro, liberdade, brasil hoje, dia"
"milei_speeches.rds_topic_1","bolsonaro_speeches.rds_topic_6",0.97769093892031,"sector, si, país, argentina, decir, ser, ustedes, campo, vamos, hacer","direitos, brasil, cubano, nações, deus, humanos, cubana, imprensa, nações unidas, unidas"
"milei_speeches.rds_topic_1","bolsonaro_speeches.rds_topic_7",0.852639951627936,"sector, si, país, argentina, decir, ser, ustedes, campo, vamos, hacer","tereza cristina, cristina, tereza, questão, inmetro, agricultura, então, coisa, verdade, passado"
"milei_speeches.rds_topic_1","bolsonaro_speeches.rds_topic_8",0.956848730716102,"sector, si, país, argentina, decir, ser, ustedes, campo, vamos, hacer","sacrifício própria, própria vida, servidor, vida, própria, forças, cadetes, 19 93, recebeu 19, servidores"
"milei_speeches.rds_topic_1","bolsonaro_speeches.rds_topic_9",0.922330601418525,"sector, si, país, argentina, decir, ser, ustedes, campo, vamos, hacer","mercosul, bloco, senhoras senhores, josé múcio, múcio, josé, senhoras, acordos, reformas, mario abdo"
"milei_speeches.rds_topic_1","bolsonaro_speeches.rds_topic_10",0.948415976488958,"sector, si, país, argentina, decir, ser, ustedes, campo, vamos, hacer","piauí, mão santa, povo, parnaíba, tudo, brasil povo, grande, acima, nordeste, brasil"
"milei_speeches.rds_topic_1","bolsonaro_speeches.rds_topic_11",0.743177597498218,"sector, si, país, argentina, decir, ser, ustedes, campo, vamos, hacer","toffoli, dias toffoli, levi, jorge, prezado dias, excelência, sentido, vossa excelência, noronha, prezado"
"milei_speeches.rds_topic_1","bolsonaro_speeches.rds_topic_12",0.924905436770156,"sector, si, país, argentina, decir, ser, ustedes, campo, vamos, hacer","questão, terno, gente, lá, jorge seif, seif, jorge, então, informação, caiado"
"milei_speeches.rds_topic_1","bolsonaro_speeches.rds_topic_13",0.862652224965411,"sector, si, país, argentina, decir, ser, ustedes, campo, vamos, hacer","ceagesp, moretti, 2018, sergipe, vida, bem, lado, bala, obviamente, sempre"
"milei_speeches.rds_topic_1","bolsonaro_speeches.rds_topic_14",0.926960507951904,"sector, si, país, argentina, decir, ser, ustedes, campo, vamos, hacer","amazônia, governador, república jair, estado, governadores, sr, jair bolsonaro, presidente, fundo amazônia, então"
"milei_speeches.rds_topic_1","bolsonaro_speeches.rds_topic_15",0.959274627543013,"sector, si, país, argentina, decir, ser, ustedes, campo, vamos, hacer","decreto, fraga, arma, lupion, armas, defesa, peninha, senhor ministro, arma fogo, confiar"
"milei_speeches.rds_topic_1","bolsonaro_speeches.rds_topic_16",0.972370773525231,"sector, si, país, argentina, decir, ser, ustedes, campo, vamos, hacer","aeronáutica, aérea brasileira, aérea, força aérea, força, israel, comandante, comandante aeronáutica, alícia, prestam"
"milei_speeches.rds_topic_1","bolsonaro_speeches.rds_topic_17",0.944264254278451,"sector, si, país, argentina, decir, ser, ustedes, campo, vamos, hacer","brics, cooperação, empresarial, sociedades, temas, ndb, intervenções, inovação, vladimir putin, vladimir"
"milei_speeches.rds_topic_1","bolsonaro_speeches.rds_topic_18",0.940981720341276,"sector, si, país, argentina, decir, ser, ustedes, campo, vamos, hacer","marajó, damares, médicos, cubano, revalida, irmãos marajó, internet, pouco, carreiro, programa médicos"
"milei_speeches.rds_topic_1","bolsonaro_speeches.rds_topic_19",0.945925729276692,"sector, si, país, argentina, decir, ser, ustedes, campo, vamos, hacer","educação física, esporte, física, marcelo, preparo, preparo físico, veleiro, flávio rocha, exército, físico"
"milei_speeches.rds_topic_1","bolsonaro_speeches.rds_topic_20",0.915942919179829,"sector, si, país, argentina, decir, ser, ustedes, campo, vamos, hacer","renan, médico, vacina, flávia arruda, renan calheiros, flávia, titular, arruda, calheiros, pessoas"
"milei_speeches.rds_topic_1","bolsonaro_speeches.rds_topic_21",0.932825780315602,"sector, si, país, argentina, decir, ser, ustedes, campo, vamos, hacer","moro, sergio moro, sergio, difícil parte, agressão, criar meios, rosângela, abriu mão, prezado sergio, esposas"
"milei_speeches.rds_topic_1","bolsonaro_speeches.rds_topic_22",0.954221904680419,"sector, si, país, argentina, decir, ser, ustedes, campo, vamos, hacer","pacheco, éder mauro, valentina, revolucionando, zequinha marinho, éder, agências, telefone, zequinha, obrigado"
"milei_speeches.rds_topic_1","bolsonaro_speeches.rds_topic_23",0.854594479421584,"sector, si, país, argentina, decir, ser, ustedes, campo, vamos, hacer","fórmula, chase, senhor chase, jornalista, carey, senhor, piñera, guaidó, chase carey, presidente"
"milei_speeches.rds_topic_1","bolsonaro_speeches.rds_topic_24",0.857723822080589,"sector, si, país, argentina, decir, ser, ustedes, campo, vamos, hacer","furlan, têm brasília, cunha lima, pandemia, grande, cunha, geraldo melo, aqui cima, cinquenta bilhões, vai meio"
"milei_speeches.rds_topic_1","bolsonaro_speeches.rds_topic_25",0.946633215804237,"sector, si, país, argentina, decir, ser, ustedes, campo, vamos, hacer","skaf, baleia, paulo skaf, prova, aspirantes, lembro, villas boas, ensino, paulo, justiça andré"
"milei_speeches.rds_topic_1","bolsonaro_speeches.rds_topic_26",0.837569679075251,"sector, si, país, argentina, decir, ser, ustedes, campo, vamos, hacer","pessoas falam, voz, instituto rio, formandos instituto, centenas, decisivos, trabalhem, sítio, minério, rio branco"
"milei_speeches.rds_topic_1","bolsonaro_speeches.rds_topic_27",0.830190160054592,"sector, si, país, argentina, decir, ser, ustedes, campo, vamos, hacer","icms, tá, cobra, preço, refinaria, km, fruticultura, cobrar icms, combustível, basta"
"milei_speeches.rds_topic_1","bolsonaro_speeches.rds_topic_28",0.986061069874283,"sector, si, país, argentina, decir, ser, ustedes, campo, vamos, hacer","paraguai, itaipu, cabo verde, binacional, brasil paraguai, itaipu binacional, presidente paraguai, visita, cabo, guiné"
"milei_speeches.rds_topic_1","bolsonaro_speeches.rds_topic_29",0.9766286250355,"sector, si, país, argentina, decir, ser, ustedes, campo, vamos, hacer","guerson, gente, centavos, paulo guedes, guedes, petrobras, pix, cara, paulo, tcu"
"milei_speeches.rds_topic_1","bolsonaro_speeches.rds_topic_30",0.831783870994561,"sector, si, país, argentina, decir, ser, ustedes, campo, vamos, hacer","ceará, iris, quero ir, caiado, aqui ceará, roraima, nesse estado, quero citar, deseducado, ninguém deseducado"
"milei_speeches.rds_topic_1","bolsonaro_speeches.rds_topic_31",0.940748314673309,"sector, si, país, argentina, decir, ser, ustedes, campo, vamos, hacer","italiana, origem italiana, protocolo pessoa, atlântico, pessoa importante, paraquedistas, paraquedista, joão pereira, brigada, senhor joão"
"milei_speeches.rds_topic_1","bolsonaro_speeches.rds_topic_32",0.798210066112808,"sector, si, país, argentina, decir, ser, ustedes, campo, vamos, hacer","colégio, colégio militar, professora, abril, escolas, escola, tá, militar, aluno, militares"
"milei_speeches.rds_topic_1","bolsonaro_speeches.rds_topic_33",0.782921091254895,"sector, si, país, argentina, decir, ser, ustedes, campo, vamos, hacer","abraham, educação, atender necessitados, regionais, planos, aprender coisas, regiões planos, cabeça branca, vilarejo, espera abraham"
"milei_speeches.rds_topic_1","bolsonaro_speeches.rds_topic_34",0.845594931493871,"sector, si, país, argentina, decir, ser, ustedes, campo, vamos, hacer","fausto, bb, daqui paulo, diesel, ida volta, endividou, cachorro quente, tá caro, vender cachorro, bb antecipa"
"milei_speeches.rds_topic_2","bolsonaro_speeches.rds_topic_0",0.9219750941429,"si, decir, año, mercado, hacer, entonces, dólares, realidad, ustedes, argentina","vai, questão, governo, países, gente, pessoas, mundo, região, país, pandemia"
"milei_speeches.rds_topic_2","bolsonaro_speeches.rds_topic_1",0.91239157220771,"si, decir, año, mercado, hacer, entonces, dólares, realidad, ustedes, argentina","deus, vida, vou, pessoas, onde, verdade, família, lá, tudo, deus coração"
"milei_speeches.rds_topic_2","bolsonaro_speeches.rds_topic_2",0.969361753493158,"si, decir, año, mercado, hacer, entonces, dólares, realidad, ustedes, argentina","governador, barbalho, caixa, imposto, paraná, prezado, aqui, estado, todos, amigos"
"milei_speeches.rds_topic_2","bolsonaro_speeches.rds_topic_3",0.935616135983942,"si, decir, año, mercado, hacer, entonces, dólares, realidad, ustedes, argentina","todos, minas gerais, gerais, tarcísio, minas, brasil, aqui, obviamente, estado, satisfação"
"milei_speeches.rds_topic_2","bolsonaro_speeches.rds_topic_4",0.958347831445142,"si, decir, año, mercado, hacer, entonces, dólares, realidad, ustedes, argentina","exército, comandante, comandante exército, general, exército brasileiro, militar, pujol, senhores, forças, generais"
"milei_speeches.rds_topic_2","bolsonaro_speeches.rds_topic_5",0.935328104860827,"si, decir, año, mercado, hacer, entonces, dólares, realidad, ustedes, argentina","cada, hoje, caiado, todos, paulo guedes, guedes, outro, liberdade, brasil hoje, dia"
"milei_speeches.rds_topic_2","bolsonaro_speeches.rds_topic_6",0.933346867217562,"si, decir, año, mercado, hacer, entonces, dólares, realidad, ustedes, argentina","direitos, brasil, cubano, nações, deus, humanos, cubana, imprensa, nações unidas, unidas"
"milei_speeches.rds_topic_2","bolsonaro_speeches.rds_topic_7",0.938236496976004,"si, decir, año, mercado, hacer, entonces, dólares, realidad, ustedes, argentina","tereza cristina, cristina, tereza, questão, inmetro, agricultura, então, coisa, verdade, passado"
"milei_speeches.rds_topic_2","bolsonaro_speeches.rds_topic_8",0.885038112351033,"si, decir, año, mercado, hacer, entonces, dólares, realidad, ustedes, argentina","sacrifício própria, própria vida, servidor, vida, própria, forças, cadetes, 19 93, recebeu 19, servidores"
"milei_speeches.rds_topic_2","bolsonaro_speeches.rds_topic_9",0.954910427924445,"si, decir, año, mercado, hacer, entonces, dólares, realidad, ustedes, argentina","mercosul, bloco, senhoras senhores, josé múcio, múcio, josé, senhoras, acordos, reformas, mario abdo"
"milei_speeches.rds_topic_2","bolsonaro_speeches.rds_topic_10",0.800357528715779,"si, decir, año, mercado, hacer, entonces, dólares, realidad, ustedes, argentina","piauí, mão santa, povo, parnaíba, tudo, brasil povo, grande, acima, nordeste, brasil"
"milei_speeches.rds_topic_2","bolsonaro_speeches.rds_topic_11",0.892188139301561,"si, decir, año, mercado, hacer, entonces, dólares, realidad, ustedes, argentina","toffoli, dias toffoli, levi, jorge, prezado dias, excelência, sentido, vossa excelência, noronha, prezado"
"milei_speeches.rds_topic_2","bolsonaro_speeches.rds_topic_12",0.959784888978684,"si, decir, año, mercado, hacer, entonces, dólares, realidad, ustedes, argentina","questão, terno, gente, lá, jorge seif, seif, jorge, então, informação, caiado"
"milei_speeches.rds_topic_2","bolsonaro_speeches.rds_topic_13",0.959026955951798,"si, decir, año, mercado, hacer, entonces, dólares, realidad, ustedes, argentina","ceagesp, moretti, 2018, sergipe, vida, bem, lado, bala, obviamente, sempre"
"milei_speeches.rds_topic_2","bolsonaro_speeches.rds_topic_14",0.917213506551595,"si, decir, año, mercado, hacer, entonces, dólares, realidad, ustedes, argentina","amazônia, governador, república jair, estado, governadores, sr, jair bolsonaro, presidente, fundo amazônia, então"
"milei_speeches.rds_topic_2","bolsonaro_speeches.rds_topic_15",0.939105337899003,"si, decir, año, mercado, hacer, entonces, dólares, realidad, ustedes, argentina","decreto, fraga, arma, lupion, armas, defesa, peninha, senhor ministro, arma fogo, confiar"
"milei_speeches.rds_topic_2","bolsonaro_speeches.rds_topic_16",0.852681003686949,"si, decir, año, mercado, hacer, entonces, dólares, realidad, ustedes, argentina","aeronáutica, aérea brasileira, aérea, força aérea, força, israel, comandante, comandante aeronáutica, alícia, prestam"
"milei_speeches.rds_topic_2","bolsonaro_speeches.rds_topic_17",0.78269709097097,"si, decir, año, mercado, hacer, entonces, dólares, realidad, ustedes, argentina","brics, cooperação, empresarial, sociedades, temas, ndb, intervenções, inovação, vladimir putin, vladimir"
"milei_speeches.rds_topic_2","bolsonaro_speeches.rds_topic_18",0.794201615743344,"si, decir, año, mercado, hacer, entonces, dólares, realidad, ustedes, argentina","marajó, damares, médicos, cubano, revalida, irmãos marajó, internet, pouco, carreiro, programa médicos"
"milei_speeches.rds_topic_2","bolsonaro_speeches.rds_topic_19",0.837347093172468,"si, decir, año, mercado, hacer, entonces, dólares, realidad, ustedes, argentina","educação física, esporte, física, marcelo, preparo, preparo físico, veleiro, flávio rocha, exército, físico"
"milei_speeches.rds_topic_2","bolsonaro_speeches.rds_topic_20",0.760826736118965,"si, decir, año, mercado, hacer, entonces, dólares, realidad, ustedes, argentina","renan, médico, vacina, flávia arruda, renan calheiros, flávia, titular, arruda, calheiros, pessoas"
"milei_speeches.rds_topic_2","bolsonaro_speeches.rds_topic_21",0.968808812058681,"si, decir, año, mercado, hacer, entonces, dólares, realidad, ustedes, argentina","moro, sergio moro, sergio, difícil parte, agressão, criar meios, rosângela, abriu mão, prezado sergio, esposas"
"milei_speeches.rds_topic_2","bolsonaro_speeches.rds_topic_22",0.952439537717715,"si, decir, año, mercado, hacer, entonces, dólares, realidad, ustedes, argentina","pacheco, éder mauro, valentina, revolucionando, zequinha marinho, éder, agências, telefone, zequinha, obrigado"
"milei_speeches.rds_topic_2","bolsonaro_speeches.rds_topic_23",0.935476475088044,"si, decir, año, mercado, hacer, entonces, dólares, realidad, ustedes, argentina","fórmula, chase, senhor chase, jornalista, carey, senhor, piñera, guaidó, chase carey, presidente"
"milei_speeches.rds_topic_2","bolsonaro_speeches.rds_topic_24",0.953709641847153,"si, decir, año, mercado, hacer, entonces, dólares, realidad, ustedes, argentina","furlan, têm brasília, cunha lima, pandemia, grande, cunha, geraldo melo, aqui cima, cinquenta bilhões, vai meio"
"milei_speeches.rds_topic_2","bolsonaro_speeches.rds_topic_25",0.971491805645584,"si, decir, año, mercado, hacer, entonces, dólares, realidad, ustedes, argentina","skaf, baleia, paulo skaf, prova, aspirantes, lembro, villas boas, ensino, paulo, justiça andré"
"milei_speeches.rds_topic_2","bolsonaro_speeches.rds_topic_26",0.95257223829205,"si, decir, año, mercado, hacer, entonces, dólares, realidad, ustedes, argentina","pessoas falam, voz, instituto rio, formandos instituto, centenas, decisivos, trabalhem, sítio, minério, rio branco"
"milei_speeches.rds_topic_2","bolsonaro_speeches.rds_topic_27",0.789602316602293,"si, decir, año, mercado, hacer, entonces, dólares, realidad, ustedes, argentina","icms, tá, cobra, preço, refinaria, km, fruticultura, cobrar icms, combustível, basta"
"milei_speeches.rds_topic_2","bolsonaro_speeches.rds_topic_28",0.907138845825141,"si, decir, año, mercado, hacer, entonces, dólares, realidad, ustedes, argentina","paraguai, itaipu, cabo verde, binacional, brasil paraguai, itaipu binacional, presidente paraguai, visita, cabo, guiné"
"milei_speeches.rds_topic_2","bolsonaro_speeches.rds_topic_29",0.952852030103641,"si, decir, año, mercado, hacer, entonces, dólares, realidad, ustedes, argentina","guerson, gente, centavos, paulo guedes, guedes, petrobras, pix, cara, paulo, tcu"
"milei_speeches.rds_topic_2","bolsonaro_speeches.rds_topic_30",0.923423393766587,"si, decir, año, mercado, hacer, entonces, dólares, realidad, ustedes, argentina","ceará, iris, quero ir, caiado, aqui ceará, roraima, nesse estado, quero citar, deseducado, ninguém deseducado"
"milei_speeches.rds_topic_2","bolsonaro_speeches.rds_topic_31",0.943984193417281,"si, decir, año, mercado, hacer, entonces, dólares, realidad, ustedes, argentina","italiana, origem italiana, protocolo pessoa, atlântico, pessoa importante, paraquedistas, paraquedista, joão pereira, brigada, senhor joão"
"milei_speeches.rds_topic_2","bolsonaro_speeches.rds_topic_32",0.795521404033417,"si, decir, año, mercado, hacer, entonces, dólares, realidad, ustedes, argentina","colégio, colégio militar, professora, abril, escolas, escola, tá, militar, aluno, militares"
"milei_speeches.rds_topic_2","bolsonaro_speeches.rds_topic_33",0.92429843836071,"si, decir, año, mercado, hacer, entonces, dólares, realidad, ustedes, argentina","abraham, educação, atender necessitados, regionais, planos, aprender coisas, regiões planos, cabeça branca, vilarejo, espera abraham"
"milei_speeches.rds_topic_2","bolsonaro_speeches.rds_topic_34",0.95737073950387,"si, decir, año, mercado, hacer, entonces, dólares, realidad, ustedes, argentina","fausto, bb, daqui paulo, diesel, ida volta, endividou, cachorro quente, tá caro, vender cachorro, bb antecipa"
"milei_speeches.rds_topic_3","bolsonaro_speeches.rds_topic_0",0.979079831889916,"fuerzas, fuerzas armadas, armadas, delito, seguridad, argentina, italia, ustedes, presidente, gracias","vai, questão, governo, países, gente, pessoas, mundo, região, país, pandemia"
"milei_speeches.rds_topic_3","bolsonaro_speeches.rds_topic_1",0.904143734695323,"fuerzas, fuerzas armadas, armadas, delito, seguridad, argentina, italia, ustedes, presidente, gracias","deus, vida, vou, pessoas, onde, verdade, família, lá, tudo, deus coração"
"milei_speeches.rds_topic_3","bolsonaro_speeches.rds_topic_2",0.931813638553082,"fuerzas, fuerzas armadas, armadas, delito, seguridad, argentina, italia, ustedes, presidente, gracias","governador, barbalho, caixa, imposto, paraná, prezado, aqui, estado, todos, amigos"
"milei_speeches.rds_topic_3","bolsonaro_speeches.rds_topic_3",0.866700881918461,"fuerzas, fuerzas armadas, armadas, delito, seguridad, argentina, italia, ustedes, presidente, gracias","todos, minas gerais, gerais, tarcísio, minas, brasil, aqui, obviamente, estado, satisfação"
"milei_speeches.rds_topic_3","bolsonaro_speeches.rds_topic_4",0.982929853382452,"fuerzas, fuerzas armadas, armadas, delito, seguridad, argentina, italia, ustedes, presidente, gracias","exército, comandante, comandante exército, general, exército brasileiro, militar, pujol, senhores, forças, generais"
"milei_speeches.rds_topic_3","bolsonaro_speeches.rds_topic_5",0.975120334516067,"fuerzas, fuerzas armadas, armadas, delito, seguridad, argentina, italia, ustedes, presidente, gracias","cada, hoje, caiado, todos, paulo guedes, guedes, outro, liberdade, brasil hoje, dia"
"milei_speeches.rds_topic_3","bolsonaro_speeches.rds_topic_6",0.976336583528113,"fuerzas, fuerzas armadas, armadas, delito, seguridad, argentina, italia, ustedes, presidente, gracias","direitos, brasil, cubano, nações, deus, humanos, cubana, imprensa, nações unidas, unidas"
"milei_speeches.rds_topic_3","bolsonaro_speeches.rds_topic_7",0.880948653282411,"fuerzas, fuerzas armadas, armadas, delito, seguridad, argentina, italia, ustedes, presidente, gracias","tereza cristina, cristina, tereza, questão, inmetro, agricultura, então, coisa, verdade, passado"
"milei_speeches.rds_topic_3","bolsonaro_speeches.rds_topic_8",0.944195236074995,"fuerzas, fuerzas armadas, armadas, delito, seguridad, argentina, italia, ustedes, presidente, gracias","sacrifício própria, própria vida, servidor, vida, própria, forças, cadetes, 19 93, recebeu 19, servidores"
"milei_speeches.rds_topic_3","bolsonaro_speeches.rds_topic_9",0.941601688192967,"fuerzas, fuerzas armadas, armadas, delito, seguridad, argentina, italia, ustedes, presidente, gracias","mercosul, bloco, senhoras senhores, josé múcio, múcio, josé, senhoras, acordos, reformas, mario abdo"
"milei_speeches.rds_topic_3","bolsonaro_speeches.rds_topic_10",0.913845154610713,"fuerzas, fuerzas armadas, armadas, delito, seguridad, argentina, italia, ustedes, presidente, gracias","piauí, mão santa, povo, parnaíba, tudo, brasil povo, grande, acima, nordeste, brasil"
"milei_speeches.rds_topic_3","bolsonaro_speeches.rds_topic_11",0.799301261100468,"fuerzas, fuerzas armadas, armadas, delito, seguridad, argentina, italia, ustedes, presidente, gracias","toffoli, dias toffoli, levi, jorge, prezado dias, excelência, sentido, vossa excelência, noronha, prezado"
"milei_speeches.rds_topic_3","bolsonaro_speeches.rds_topic_12",0.945657073021118,"fuerzas, fuerzas armadas, armadas, delito, seguridad, argentina, italia, ustedes, presidente, gracias","questão, terno, gente, lá, jorge seif, seif, jorge, então, informação, caiado"
"milei_speeches.rds_topic_3","bolsonaro_speeches.rds_topic_13",0.905289744076205,"fuerzas, fuerzas armadas, armadas, delito, seguridad, argentina, italia, ustedes, presidente, gracias","ceagesp, moretti, 2018, sergipe, vida, bem, lado, bala, obviamente, sempre"
"milei_speeches.rds_topic_3","bolsonaro_speeches.rds_topic_14",0.931870884961755,"fuerzas, fuerzas armadas, armadas, delito, seguridad, argentina, italia, ustedes, presidente, gracias","amazônia, governador, república jair, estado, governadores, sr, jair bolsonaro, presidente, fundo amazônia, então"
"milei_speeches.rds_topic_3","bolsonaro_speeches.rds_topic_15",0.963037783263129,"fuerzas, fuerzas armadas, armadas, delito, seguridad, argentina, italia, ustedes, presidente, gracias","decreto, fraga, arma, lupion, armas, defesa, peninha, senhor ministro, arma fogo, confiar"
"milei_speeches.rds_topic_3","bolsonaro_speeches.rds_topic_16",0.947658611221947,"fuerzas, fuerzas armadas, armadas, delito, seguridad, argentina, italia, ustedes, presidente, gracias","aeronáutica, aérea brasileira, aérea, força aérea, força, israel, comandante, comandante aeronáutica, alícia, prestam"
"milei_speeches.rds_topic_3","bolsonaro_speeches.rds_topic_17",0.905867957211312,"fuerzas, fuerzas armadas, armadas, delito, seguridad, argentina, italia, ustedes, presidente, gracias","brics, cooperação, empresarial, sociedades, temas, ndb, intervenções, inovação, vladimir putin, vladimir"
"milei_speeches.rds_topic_3","bolsonaro_speeches.rds_topic_18",0.907983091075043,"fuerzas, fuerzas armadas, armadas, delito, seguridad, argentina, italia, ustedes, presidente, gracias","marajó, damares, médicos, cubano, revalida, irmãos marajó, internet, pouco, carreiro, programa médicos"
"milei_speeches.rds_topic_3","bolsonaro_speeches.rds_topic_19",0.922665065553258,"fuerzas, fuerzas armadas, armadas, delito, seguridad, argentina, italia, ustedes, presidente, gracias","educação física, esporte, física, marcelo, preparo, preparo físico, veleiro, flávio rocha, exército, físico"
"milei_speeches.rds_topic_3","bolsonaro_speeches.rds_topic_20",0.87835541591961,"fuerzas, fuerzas armadas, armadas, delito, seguridad, argentina, italia, ustedes, presidente, gracias","renan, médico, vacina, flávia arruda, renan calheiros, flávia, titular, arruda, calheiros, pessoas"
"milei_speeches.rds_topic_3","bolsonaro_speeches.rds_topic_21",0.957056512940513,"fuerzas, fuerzas armadas, armadas, delito, seguridad, argentina, italia, ustedes, presidente, gracias","moro, sergio moro, sergio, difícil parte, agressão, criar meios, rosângela, abriu mão, prezado sergio, esposas"
"milei_speeches.rds_topic_3","bolsonaro_speeches.rds_topic_22",0.962903038461201,"fuerzas, fuerzas armadas, armadas, delito, seguridad, argentina, italia, ustedes, presidente, gracias","pacheco, éder mauro, valentina, revolucionando, zequinha marinho, éder, agências, telefone, zequinha, obrigado"
"milei_speeches.rds_topic_3","bolsonaro_speeches.rds_topic_23",0.885753546912,"fuerzas, fuerzas armadas, armadas, delito, seguridad, argentina, italia, ustedes, presidente, gracias","fórmula, chase, senhor chase, jornalista, carey, senhor, piñera, guaidó, chase carey, presidente"
"milei_speeches.rds_topic_3","bolsonaro_speeches.rds_topic_24",0.898713201078943,"fuerzas, fuerzas armadas, armadas, delito, seguridad, argentina, italia, ustedes, presidente, gracias","furlan, têm brasília, cunha lima, pandemia, grande, cunha, geraldo melo, aqui cima, cinquenta bilhões, vai meio"
"milei_speeches.rds_topic_3","bolsonaro_speeches.rds_topic_25",0.968032404813659,"fuerzas, fuerzas armadas, armadas, delito, seguridad, argentina, italia, ustedes, presidente, gracias","skaf, baleia, paulo skaf, prova, aspirantes, lembro, villas boas, ensino, paulo, justiça andré"
"milei_speeches.rds_topic_3","bolsonaro_speeches.rds_topic_26",0.886090081880761,"fuerzas, fuerzas armadas, armadas, delito, seguridad, argentina, italia, ustedes, presidente, gracias","pessoas falam, voz, instituto rio, formandos instituto, centenas, decisivos, trabalhem, sítio, minério, rio branco"
"milei_speeches.rds_topic_3","bolsonaro_speeches.rds_topic_27",0.825289378829288,"fuerzas, fuerzas armadas, armadas, delito, seguridad, argentina, italia, ustedes, presidente, gracias","icms, tá, cobra, preço, refinaria, km, fruticultura, cobrar icms, combustível, basta"
"milei_speeches.rds_topic_3","bolsonaro_speeches.rds_topic_28",0.973728536340025,"fuerzas, fuerzas armadas, armadas, delito, seguridad, argentina, italia, ustedes, presidente, gracias","paraguai, itaipu, cabo verde, binacional, brasil paraguai, itaipu binacional, presidente paraguai, visita, cabo, guiné"
"milei_speeches.rds_topic_3","bolsonaro_speeches.rds_topic_29",0.982054226936152,"fuerzas, fuerzas armadas, armadas, delito, seguridad, argentina, italia, ustedes, presidente, gracias","guerson, gente, centavos, paulo guedes, guedes, petrobras, pix, cara, paulo, tcu"
"milei_speeches.rds_topic_3","bolsonaro_speeches.rds_topic_30",0.870565744993465,"fuerzas, fuerzas armadas, armadas, delito, seguridad, argentina, italia, ustedes, presidente, gracias","ceará, iris, quero ir, caiado, aqui ceará, roraima, nesse estado, quero citar, deseducado, ninguém deseducado"
"milei_speeches.rds_topic_3","bolsonaro_speeches.rds_topic_31",0.948402797331506,"fuerzas, fuerzas armadas, armadas, delito, seguridad, argentina, italia, ustedes, presidente, gracias","italiana, origem italiana, protocolo pessoa, atlântico, pessoa importante, paraquedistas, paraquedista, joão pereira, brigada, senhor joão"
"milei_speeches.rds_topic_3","bolsonaro_speeches.rds_topic_32",0.798729096150006,"fuerzas, fuerzas armadas, armadas, delito, seguridad, argentina, italia, ustedes, presidente, gracias","colégio, colégio militar, professora, abril, escolas, escola, tá, militar, aluno, militares"
"milei_speeches.rds_topic_3","bolsonaro_speeches.rds_topic_33",0.839767499110898,"fuerzas, fuerzas armadas, armadas, delito, seguridad, argentina, italia, ustedes, presidente, gracias","abraham, educação, atender necessitados, regionais, planos, aprender coisas, regiões planos, cabeça branca, vilarejo, espera abraham"
"milei_speeches.rds_topic_3","bolsonaro_speeches.rds_topic_34",0.893131884350012,"fuerzas, fuerzas armadas, armadas, delito, seguridad, argentina, italia, ustedes, presidente, gracias","fausto, bb, daqui paulo, diesel, ida volta, endividou, cachorro quente, tá caro, vender cachorro, bb antecipa"
"milei_speeches.rds_topic_4","bolsonaro_speeches.rds_topic_0",0.960239861035182,"entonces, libertad, además, si, ideas, argentina, decir, solo, hacer, mundo","vai, questão, governo, países, gente, pessoas, mundo, região, país, pandemia"
"milei_speeches.rds_topic_4","bolsonaro_speeches.rds_topic_1",0.849699436539253,"entonces, libertad, además, si, ideas, argentina, decir, solo, hacer, mundo","deus, vida, vou, pessoas, onde, verdade, família, lá, tudo, deus coração"
"milei_speeches.rds_topic_4","bolsonaro_speeches.rds_topic_2",0.825301540730692,"entonces, libertad, además, si, ideas, argentina, decir, solo, hacer, mundo","governador, barbalho, caixa, imposto, paraná, prezado, aqui, estado, todos, amigos"
"milei_speeches.rds_topic_4","bolsonaro_speeches.rds_topic_3",0.749967715157314,"entonces, libertad, además, si, ideas, argentina, decir, solo, hacer, mundo","todos, minas gerais, gerais, tarcísio, minas, brasil, aqui, obviamente, estado, satisfação"
"milei_speeches.rds_topic_4","bolsonaro_speeches.rds_topic_4",0.938980947088838,"entonces, libertad, además, si, ideas, argentina, decir, solo, hacer, mundo","exército, comandante, comandante exército, general, exército brasileiro, militar, pujol, senhores, forças, generais"
"milei_speeches.rds_topic_4","bolsonaro_speeches.rds_topic_5",0.945200329932653,"entonces, libertad, además, si, ideas, argentina, decir, solo, hacer, mundo","cada, hoje, caiado, todos, paulo guedes, guedes, outro, liberdade, brasil hoje, dia"
"milei_speeches.rds_topic_4","bolsonaro_speeches.rds_topic_6",0.945158027270327,"entonces, libertad, además, si, ideas, argentina, decir, solo, hacer, mundo","direitos, brasil, cubano, nações, deus, humanos, cubana, imprensa, nações unidas, unidas"
"milei_speeches.rds_topic_4","bolsonaro_speeches.rds_topic_7",0.810495371528046,"entonces, libertad, además, si, ideas, argentina, decir, solo, hacer, mundo","tereza cristina, cristina, tereza, questão, inmetro, agricultura, então, coisa, verdade, passado"
"milei_speeches.rds_topic_4","bolsonaro_speeches.rds_topic_8",0.928485531860933,"entonces, libertad, además, si, ideas, argentina, decir, solo, hacer, mundo","sacrifício própria, própria vida, servidor, vida, própria, forças, cadetes, 19 93, recebeu 19, servidores"
"milei_speeches.rds_topic_4","bolsonaro_speeches.rds_topic_9",0.864506062773493,"entonces, libertad, además, si, ideas, argentina, decir, solo, hacer, mundo","mercosul, bloco, senhoras senhores, josé múcio, múcio, josé, senhoras, acordos, reformas, mario abdo"
"milei_speeches.rds_topic_4","bolsonaro_speeches.rds_topic_10",0.952053725290358,"entonces, libertad, además, si, ideas, argentina, decir, solo, hacer, mundo","piauí, mão santa, povo, parnaíba, tudo, brasil povo, grande, acima, nordeste, brasil"
"milei_speeches.rds_topic_4","bolsonaro_speeches.rds_topic_11",0.65568402106246,"entonces, libertad, además, si, ideas, argentina, decir, solo, hacer, mundo","toffoli, dias toffoli, levi, jorge, prezado dias, excelência, sentido, vossa excelência, noronha, prezado"
"milei_speeches.rds_topic_4","bolsonaro_speeches.rds_topic_12",0.868573071696919,"entonces, libertad, además, si, ideas, argentina, decir, solo, hacer, mundo","questão, terno, gente, lá, jorge seif, seif, jorge, então, informação, caiado"
"milei_speeches.rds_topic_4","bolsonaro_speeches.rds_topic_13",0.784399999034882,"entonces, libertad, además, si, ideas, argentina, decir, solo, hacer, mundo","ceagesp, moretti, 2018, sergipe, vida, bem, lado, bala, obviamente, sempre"
"milei_speeches.rds_topic_4","bolsonaro_speeches.rds_topic_14",0.909434793060563,"entonces, libertad, además, si, ideas, argentina, decir, solo, hacer, mundo","amazônia, governador, república jair, estado, governadores, sr, jair bolsonaro, presidente, fundo amazônia, então"
"milei_speeches.rds_topic_4","bolsonaro_speeches.rds_topic_15",0.92028815078588,"entonces, libertad, además, si, ideas, argentina, decir, solo, hacer, mundo","decreto, fraga, arma, lupion, armas, defesa, peninha, senhor ministro, arma fogo, confiar"
"milei_speeches.rds_topic_4","bolsonaro_speeches.rds_topic_16",0.967472105861222,"entonces, libertad, además, si, ideas, argentina, decir, solo, hacer, mundo","aeronáutica, aérea brasileira, aérea, força aérea, força, israel, comandante, comandante aeronáutica, alícia, prestam"
"milei_speeches.rds_topic_4","bolsonaro_speeches.rds_topic_17",0.953773092873634,"entonces, libertad, además, si, ideas, argentina, decir, solo, hacer, mundo","brics, cooperação, empresarial, sociedades, temas, ndb, intervenções, inovação, vladimir putin, vladimir"
"milei_speeches.rds_topic_4","bolsonaro_speeches.rds_topic_18",0.950848259579813,"entonces, libertad, además, si, ideas, argentina, decir, solo, hacer, mundo","marajó, damares, médicos, cubano, revalida, irmãos marajó, internet, pouco, carreiro, programa médicos"
"milei_speeches.rds_topic_4","bolsonaro_speeches.rds_topic_19",0.93922901351065,"entonces, libertad, además, si, ideas, argentina, decir, solo, hacer, mundo","educação física, esporte, física, marcelo, preparo, preparo físico, veleiro, flávio rocha, exército, físico"
"milei_speeches.rds_topic_4","bolsonaro_speeches.rds_topic_20",0.923120384456132,"entonces, libertad, además, si, ideas, argentina, decir, solo, hacer, mundo","renan, médico, vacina, flávia arruda, renan calheiros, flávia, titular, arruda, calheiros, pessoas"
"milei_speeches.rds_topic_4","bolsonaro_speeches.rds_topic_21",0.87585423899028,"entonces, libertad, además, si, ideas, argentina, decir, solo, hacer, mundo","moro, sergio moro, sergio, difícil parte, agressão, criar meios, rosângela, abriu mão, prezado sergio, esposas"
"milei_speeches.rds_topic_4","bolsonaro_speeches.rds_topic_22",0.923453064067403,"entonces, libertad, además, si, ideas, argentina, decir, solo, hacer, mundo","pacheco, éder mauro, valentina, revolucionando, zequinha marinho, éder, agências, telefone, zequinha, obrigado"
"milei_speeches.rds_topic_4","bolsonaro_speeches.rds_topic_23",0.780962313503105,"entonces, libertad, además, si, ideas, argentina, decir, solo, hacer, mundo","fórmula, chase, senhor chase, jornalista, carey, senhor, piñera, guaidó, chase carey, presidente"
"milei_speeches.rds_topic_4","bolsonaro_speeches.rds_topic_24",0.781669676169019,"entonces, libertad, además, si, ideas, argentina, decir, solo, hacer, mundo","furlan, têm brasília, cunha lima, pandemia, grande, cunha, geraldo melo, aqui cima, cinquenta bilhões, vai meio"
"milei_speeches.rds_topic_4","bolsonaro_speeches.rds_topic_25",0.8910866796023,"entonces, libertad, además, si, ideas, argentina, decir, solo, hacer, mundo","skaf, baleia, paulo skaf, prova, aspirantes, lembro, villas boas, ensino, paulo, justiça andré"
"milei_speeches.rds_topic_4","bolsonaro_speeches.rds_topic_26",0.755019269406301,"entonces, libertad, además, si, ideas, argentina, decir, solo, hacer, mundo","pessoas falam, voz, instituto rio, formandos instituto, centenas, decisivos, trabalhem, sítio, minério, rio branco"
"milei_speeches.rds_topic_4","bolsonaro_speeches.rds_topic_27",0.805443729437954,"entonces, libertad, además, si, ideas, argentina, decir, solo, hacer, mundo","icms, tá, cobra, preço, refinaria, km, fruticultura, cobrar icms, combustível, basta"
"milei_speeches.rds_topic_4","bolsonaro_speeches.rds_topic_28",0.963778327415135,"entonces, libertad, además, si, ideas, argentina, decir, solo, hacer, mundo","paraguai, itaipu, cabo verde, binacional, brasil paraguai, itaipu binacional, presidente paraguai, visita, cabo, guiné"
"milei_speeches.rds_topic_4","bolsonaro_speeches.rds_topic_29",0.935551808434257,"entonces, libertad, además, si, ideas, argentina, decir, solo, hacer, mundo","guerson, gente, centavos, paulo guedes, guedes, petrobras, pix, cara, paulo, tcu"
"milei_speeches.rds_topic_4","bolsonaro_speeches.rds_topic_30",0.764638051311161,"entonces, libertad, además, si, ideas, argentina, decir, solo, hacer, mundo","ceará, iris, quero ir, caiado, aqui ceará, roraima, nesse estado, quero citar, deseducado, ninguém deseducado"
"milei_speeches.rds_topic_4","bolsonaro_speeches.rds_topic_31",0.907063631367378,"entonces, libertad, además, si, ideas, argentina, decir, solo, hacer, mundo","italiana, origem italiana, protocolo pessoa, atlântico, pessoa importante, paraquedistas, paraquedista, joão pereira, brigada, senhor joão"
"milei_speeches.rds_topic_4","bolsonaro_speeches.rds_topic_32",0.765260745845469,"entonces, libertad, además, si, ideas, argentina, decir, solo, hacer, mundo","colégio, colégio militar, professora, abril, escolas, escola, tá, militar, aluno, militares"
"milei_speeches.rds_topic_4","bolsonaro_speeches.rds_topic_33",0.691167632769182,"entonces, libertad, además, si, ideas, argentina, decir, solo, hacer, mundo","abraham, educação, atender necessitados, regionais, planos, aprender coisas, regiões planos, cabeça branca, vilarejo, espera abraham"
"milei_speeches.rds_topic_4","bolsonaro_speeches.rds_topic_34",0.763900213647707,"entonces, libertad, además, si, ideas, argentina, decir, solo, hacer, mundo","fausto, bb, daqui paulo, diesel, ida volta, endividou, cachorro quente, tá caro, vender cachorro, bb antecipa"
"milei_speeches.rds_topic_5","bolsonaro_speeches.rds_topic_0",0.931205506885765,"libertad, digamos, si, digo, argentina, decir, problema, entonces, ustedes, ser","vai, questão, governo, países, gente, pessoas, mundo, região, país, pandemia"
"milei_speeches.rds_topic_5","bolsonaro_speeches.rds_topic_1",0.918940175575672,"libertad, digamos, si, digo, argentina, decir, problema, entonces, ustedes, ser","deus, vida, vou, pessoas, onde, verdade, família, lá, tudo, deus coração"
"milei_speeches.rds_topic_5","bolsonaro_speeches.rds_topic_2",0.982797850216882,"libertad, digamos, si, digo, argentina, decir, problema, entonces, ustedes, ser","governador, barbalho, caixa, imposto, paraná, prezado, aqui, estado, todos, amigos"
"milei_speeches.rds_topic_5","bolsonaro_speeches.rds_topic_3",0.95167930508074,"libertad, digamos, si, digo, argentina, decir, problema, entonces, ustedes, ser","todos, minas gerais, gerais, tarcísio, minas, brasil, aqui, obviamente, estado, satisfação"
"milei_speeches.rds_topic_5","bolsonaro_speeches.rds_topic_4",0.965934771112726,"libertad, digamos, si, digo, argentina, decir, problema, entonces, ustedes, ser","exército, comandante, comandante exército, general, exército brasileiro, militar, pujol, senhores, forças, generais"
"milei_speeches.rds_topic_5","bolsonaro_speeches.rds_topic_5",0.940444398877865,"libertad, digamos, si, digo, argentina, decir, problema, entonces, ustedes, ser","cada, hoje, caiado, todos, paulo guedes, guedes, outro, liberdade, brasil hoje, dia"
"milei_speeches.rds_topic_5","bolsonaro_speeches.rds_topic_6",0.943791161929619,"libertad, digamos, si, digo, argentina, decir, problema, entonces, ustedes, ser","direitos, brasil, cubano, nações, deus, humanos, cubana, imprensa, nações unidas, unidas"
"milei_speeches.rds_topic_5","bolsonaro_speeches.rds_topic_7",0.948241980573903,"libertad, digamos, si, digo, argentina, decir, problema, entonces, ustedes, ser","tereza cristina, cristina, tereza, questão, inmetro, agricultura, então, coisa, verdade, passado"
"milei_speeches.rds_topic_5","bolsonaro_speeches.rds_topic_8",0.889193114350172,"libertad, digamos, si, digo, argentina, decir, problema, entonces, ustedes, ser","sacrifício própria, própria vida, servidor, vida, própria, forças, cadetes, 19 93, recebeu 19, servidores"
"milei_speeches.rds_topic_5","bolsonaro_speeches.rds_topic_9",0.970079252633558,"libertad, digamos, si, digo, argentina, decir, problema, entonces, ustedes, ser","mercosul, bloco, senhoras senhores, josé múcio, múcio, josé, senhoras, acordos, reformas, mario abdo"
"milei_speeches.rds_topic_5","bolsonaro_speeches.rds_topic_10",0.79810286641262,"libertad, digamos, si, digo, argentina, decir, problema, entonces, ustedes, ser","piauí, mão santa, povo, parnaíba, tudo, brasil povo, grande, acima, nordeste, brasil"
"milei_speeches.rds_topic_5","bolsonaro_speeches.rds_topic_11",0.910768991379506,"libertad, digamos, si, digo, argentina, decir, problema, entonces, ustedes, ser","toffoli, dias toffoli, levi, jorge, prezado dias, excelência, sentido, vossa excelência, noronha, prezado"
"milei_speeches.rds_topic_5","bolsonaro_speeches.rds_topic_12",0.973289534671188,"libertad, digamos, si, digo, argentina, decir, problema, entonces, ustedes, ser","questão, terno, gente, lá, jorge seif, seif, jorge, então, informação, caiado"
"milei_speeches.rds_topic_5","bolsonaro_speeches.rds_topic_13",0.973458873353244,"libertad, digamos, si, digo, argentina, decir, problema, entonces, ustedes, ser","ceagesp, moretti, 2018, sergipe, vida, bem, lado, bala, obviamente, sempre"
"milei_speeches.rds_topic_5","bolsonaro_speeches.rds_topic_14",0.923795666996416,"libertad, digamos, si, digo, argentina, decir, problema, entonces, ustedes, ser","amazônia, governador, república jair, estado, governadores, sr, jair bolsonaro, presidente, fundo amazônia, então"
"milei_speeches.rds_topic_5","bolsonaro_speeches.rds_topic_15",0.946768629090117,"libertad, digamos, si, digo, argentina, decir, problema, entonces, ustedes, ser","decreto, fraga, arma, lupion, armas, defesa, peninha, senhor ministro, arma fogo, confiar"
"milei_speeches.rds_topic_5","bolsonaro_speeches.rds_topic_16",0.853905223542222,"libertad, digamos, si, digo, argentina, decir, problema, entonces, ustedes, ser","aeronáutica, aérea brasileira, aérea, força aérea, força, israel, comandante, comandante aeronáutica, alícia, prestam"
"milei_speeches.rds_topic_5","bolsonaro_speeches.rds_topic_17",0.781289413824844,"libertad, digamos, si, digo, argentina, decir, problema, entonces, ustedes, ser","brics, cooperação, empresarial, sociedades, temas, ndb, intervenções, inovação, vladimir putin, vladimir"
"milei_speeches.rds_topic_5","bolsonaro_speeches.rds_topic_18",0.790865046761049,"libertad, digamos, si, digo, argentina, decir, problema, entonces, ustedes, ser","marajó, damares, médicos, cubano, revalida, irmãos marajó, internet, pouco, carreiro, programa médicos"
"milei_speeches.rds_topic_5","bolsonaro_speeches.rds_topic_19",0.836489337883541,"libertad, digamos, si, digo, argentina, decir, problema, entonces, ustedes, ser","educação física, esporte, física, marcelo, preparo, preparo físico, veleiro, flávio rocha, exército, físico"
"milei_speeches.rds_topic_5","bolsonaro_speeches.rds_topic_20",0.75709265004919,"libertad, digamos, si, digo, argentina, decir, problema, entonces, ustedes, ser","renan, médico, vacina, flávia arruda, renan calheiros, flávia, titular, arruda, calheiros, pessoas"
"milei_speeches.rds_topic_5","bolsonaro_speeches.rds_topic_21",0.975173709642614,"libertad, digamos, si, digo, argentina, decir, problema, entonces, ustedes, ser","moro, sergio moro, sergio, difícil parte, agressão, criar meios, rosângela, abriu mão, prezado sergio, esposas"
"milei_speeches.rds_topic_5","bolsonaro_speeches.rds_topic_22",0.956368464301924,"libertad, digamos, si, digo, argentina, decir, problema, entonces, ustedes, ser","pacheco, éder mauro, valentina, revolucionando, zequinha marinho, éder, agências, telefone, zequinha, obrigado"
"milei_speeches.rds_topic_5","bolsonaro_speeches.rds_topic_23",0.943456103049575,"libertad, digamos, si, digo, argentina, decir, problema, entonces, ustedes, ser","fórmula, chase, senhor chase, jornalista, carey, senhor, piñera, guaidó, chase carey, presidente"
"milei_speeches.rds_topic_5","bolsonaro_speeches.rds_topic_24",0.96659015372528,"libertad, digamos, si, digo, argentina, decir, problema, entonces, ustedes, ser","furlan, têm brasília, cunha lima, pandemia, grande, cunha, geraldo melo, aqui cima, cinquenta bilhões, vai meio"
"milei_speeches.rds_topic_5","bolsonaro_speeches.rds_topic_25",0.979803966275677,"libertad, digamos, si, digo, argentina, decir, problema, entonces, ustedes, ser","skaf, baleia, paulo skaf, prova, aspirantes, lembro, villas boas, ensino, paulo, justiça andré"
"milei_speeches.rds_topic_5","bolsonaro_speeches.rds_topic_26",0.969523468124962,"libertad, digamos, si, digo, argentina, decir, problema, entonces, ustedes, ser","pessoas falam, voz, instituto rio, formandos instituto, centenas, decisivos, trabalhem, sítio, minério, rio branco"
"milei_speeches.rds_topic_5","bolsonaro_speeches.rds_topic_27",0.79063188702025,"libertad, digamos, si, digo, argentina, decir, problema, entonces, ustedes, ser","icms, tá, cobra, preço, refinaria, km, fruticultura, cobrar icms, combustível, basta"
"milei_speeches.rds_topic_5","bolsonaro_speeches.rds_topic_28",0.910995346357462,"libertad, digamos, si, digo, argentina, decir, problema, entonces, ustedes, ser","paraguai, itaipu, cabo verde, binacional, brasil paraguai, itaipu binacional, presidente paraguai, visita, cabo, guiné"
"milei_speeches.rds_topic_5","bolsonaro_speeches.rds_topic_29",0.961942797714844,"libertad, digamos, si, digo, argentina, decir, problema, entonces, ustedes, ser","guerson, gente, centavos, paulo guedes, guedes, petrobras, pix, cara, paulo, tcu"
"milei_speeches.rds_topic_5","bolsonaro_speeches.rds_topic_30",0.931137490298217,"libertad, digamos, si, digo, argentina, decir, problema, entonces, ustedes, ser","ceará, iris, quero ir, caiado, aqui ceará, roraima, nesse estado, quero citar, deseducado, ninguém deseducado"
"milei_speeches.rds_topic_5","bolsonaro_speeches.rds_topic_31",0.949304712408208,"libertad, digamos, si, digo, argentina, decir, problema, entonces, ustedes, ser","italiana, origem italiana, protocolo pessoa, atlântico, pessoa importante, paraquedistas, paraquedista, joão pereira, brigada, senhor joão"
"milei_speeches.rds_topic_5","bolsonaro_speeches.rds_topic_32",0.803711910537659,"libertad, digamos, si, digo, argentina, decir, problema, entonces, ustedes, ser","colégio, colégio militar, professora, abril, escolas, escola, tá, militar, aluno, militares"
"milei_speeches.rds_topic_5","bolsonaro_speeches.rds_topic_33",0.942887645926492,"libertad, digamos, si, digo, argentina, decir, problema, entonces, ustedes, ser","abraham, educação, atender necessitados, regionais, planos, aprender coisas, regiões planos, cabeça branca, vilarejo, espera abraham"
"milei_speeches.rds_topic_5","bolsonaro_speeches.rds_topic_34",0.973363874133406,"libertad, digamos, si, digo, argentina, decir, problema, entonces, ustedes, ser","fausto, bb, daqui paulo, diesel, ida volta, endividou, cachorro quente, tá caro, vender cachorro, bb antecipa"
"milei_speeches.rds_topic_6","bolsonaro_speeches.rds_topic_0",0.855119865096717,"israel, holocausto, terrorismo, pueblo, judío, pueblo judío, museo, silencio, secuestrados, atentado","vai, questão, governo, países, gente, pessoas, mundo, região, país, pandemia"
"milei_speeches.rds_topic_6","bolsonaro_speeches.rds_topic_1",0.875195850078795,"israel, holocausto, terrorismo, pueblo, judío, pueblo judío, museo, silencio, secuestrados, atentado","deus, vida, vou, pessoas, onde, verdade, família, lá, tudo, deus coração"
"milei_speeches.rds_topic_6","bolsonaro_speeches.rds_topic_2",0.959515666966294,"israel, holocausto, terrorismo, pueblo, judío, pueblo judío, museo, silencio, secuestrados, atentado","governador, barbalho, caixa, imposto, paraná, prezado, aqui, estado, todos, amigos"
"milei_speeches.rds_topic_6","bolsonaro_speeches.rds_topic_3",0.94431690599885,"israel, holocausto, terrorismo, pueblo, judío, pueblo judío, museo, silencio, secuestrados, atentado","todos, minas gerais, gerais, tarcísio, minas, brasil, aqui, obviamente, estado, satisfação"
"milei_speeches.rds_topic_6","bolsonaro_speeches.rds_topic_4",0.903813493181407,"israel, holocausto, terrorismo, pueblo, judío, pueblo judío, museo, silencio, secuestrados, atentado","exército, comandante, comandante exército, general, exército brasileiro, militar, pujol, senhores, forças, generais"
"milei_speeches.rds_topic_6","bolsonaro_speeches.rds_topic_5",0.869946765041014,"israel, holocausto, terrorismo, pueblo, judío, pueblo judío, museo, silencio, secuestrados, atentado","cada, hoje, caiado, todos, paulo guedes, guedes, outro, liberdade, brasil hoje, dia"
"milei_speeches.rds_topic_6","bolsonaro_speeches.rds_topic_6",0.868049720698426,"israel, holocausto, terrorismo, pueblo, judío, pueblo judío, museo, silencio, secuestrados, atentado","direitos, brasil, cubano, nações, deus, humanos, cubana, imprensa, nações unidas, unidas"
"milei_speeches.rds_topic_6","bolsonaro_speeches.rds_topic_7",0.923136766035493,"israel, holocausto, terrorismo, pueblo, judío, pueblo judío, museo, silencio, secuestrados, atentado","tereza cristina, cristina, tereza, questão, inmetro, agricultura, então, coisa, verdade, passado"
"milei_speeches.rds_topic_6","bolsonaro_speeches.rds_topic_8",0.812626596091779,"israel, holocausto, terrorismo, pueblo, judío, pueblo judío, museo, silencio, secuestrados, atentado","sacrifício própria, própria vida, servidor, vida, própria, forças, cadetes, 19 93, recebeu 19, servidores"
"milei_speeches.rds_topic_6","bolsonaro_speeches.rds_topic_9",0.926381672684162,"israel, holocausto, terrorismo, pueblo, judío, pueblo judío, museo, silencio, secuestrados, atentado","mercosul, bloco, senhoras senhores, josé múcio, múcio, josé, senhoras, acordos, reformas, mario abdo"
"milei_speeches.rds_topic_6","bolsonaro_speeches.rds_topic_10",0.689791517403913,"israel, holocausto, terrorismo, pueblo, judío, pueblo judío, museo, silencio, secuestrados, atentado","piauí, mão santa, povo, parnaíba, tudo, brasil povo, grande, acima, nordeste, brasil"
"milei_speeches.rds_topic_6","bolsonaro_speeches.rds_topic_11",0.927146527850399,"israel, holocausto, terrorismo, pueblo, judío, pueblo judío, museo, silencio, secuestrados, atentado","toffoli, dias toffoli, levi, jorge, prezado dias, excelência, sentido, vossa excelência, noronha, prezado"
"milei_speeches.rds_topic_6","bolsonaro_speeches.rds_topic_12",0.932807474230533,"israel, holocausto, terrorismo, pueblo, judío, pueblo judío, museo, silencio, secuestrados, atentado","questão, terno, gente, lá, jorge seif, seif, jorge, então, informação, caiado"
"milei_speeches.rds_topic_6","bolsonaro_speeches.rds_topic_13",0.958017104012247,"israel, holocausto, terrorismo, pueblo, judío, pueblo judío, museo, silencio, secuestrados, atentado","ceagesp, moretti, 2018, sergipe, vida, bem, lado, bala, obviamente, sempre"
"milei_speeches.rds_topic_6","bolsonaro_speeches.rds_topic_14",0.862626658280579,"israel, holocausto, terrorismo, pueblo, judío, pueblo judío, museo, silencio, secuestrados, atentado","amazônia, governador, república jair, estado, governadores, sr, jair bolsonaro, presidente, fundo amazônia, então"
"milei_speeches.rds_topic_6","bolsonaro_speeches.rds_topic_15",0.88635910477745,"israel, holocausto, terrorismo, pueblo, judío, pueblo judío, museo, silencio, secuestrados, atentado","decreto, fraga, arma, lupion, armas, defesa, peninha, senhor ministro, arma fogo, confiar"
"milei_speeches.rds_topic_6","bolsonaro_speeches.rds_topic_16",0.753981148059905,"israel, holocausto, terrorismo, pueblo, judío, pueblo judío, museo, silencio, secuestrados, atentado","aeronáutica, aérea brasileira, aérea, força aérea, força, israel, comandante, comandante aeronáutica, alícia, prestam"
"milei_speeches.rds_topic_6","bolsonaro_speeches.rds_topic_17",0.66813499099548,"israel, holocausto, terrorismo, pueblo, judío, pueblo judío, museo, silencio, secuestrados, atentado","brics, cooperação, empresarial, sociedades, temas, ndb, intervenções, inovação, vladimir putin, vladimir"
"milei_speeches.rds_topic_6","bolsonaro_speeches.rds_topic_18",0.687053097345988,"israel, holocausto, terrorismo, pueblo, judío, pueblo judío, museo, silencio, secuestrados, atentado","marajó, damares, médicos, cubano, revalida, irmãos marajó, internet, pouco, carreiro, programa médicos"
"milei_speeches.rds_topic_6","bolsonaro_speeches.rds_topic_19",0.741948592212278,"israel, holocausto, terrorismo, pueblo, judío, pueblo judío, museo, silencio, secuestrados, atentado","educação física, esporte, física, marcelo, preparo, preparo físico, veleiro, flávio rocha, exército, físico"
"milei_speeches.rds_topic_6","bolsonaro_speeches.rds_topic_20",0.647676042166112,"israel, holocausto, terrorismo, pueblo, judío, pueblo judío, museo, silencio, secuestrados, atentado","renan, médico, vacina, flávia arruda, renan calheiros, flávia, titular, arruda, calheiros, pessoas"
"milei_speeches.rds_topic_6","bolsonaro_speeches.rds_topic_21",0.934319109787915,"israel, holocausto, terrorismo, pueblo, judío, pueblo judío, museo, silencio, secuestrados, atentado","moro, sergio moro, sergio, difícil parte, agressão, criar meios, rosângela, abriu mão, prezado sergio, esposas"
"milei_speeches.rds_topic_6","bolsonaro_speeches.rds_topic_22",0.89882652768387,"israel, holocausto, terrorismo, pueblo, judío, pueblo judío, museo, silencio, secuestrados, atentado","pacheco, éder mauro, valentina, revolucionando, zequinha marinho, éder, agências, telefone, zequinha, obrigado"
"milei_speeches.rds_topic_6","bolsonaro_speeches.rds_topic_23",0.930701741372707,"israel, holocausto, terrorismo, pueblo, judío, pueblo judío, museo, silencio, secuestrados, atentado","fórmula, chase, senhor chase, jornalista, carey, senhor, piñera, guaidó, chase carey, presidente"
"milei_speeches.rds_topic_6","bolsonaro_speeches.rds_topic_24",0.953072669306396,"israel, holocausto, terrorismo, pueblo, judío, pueblo judío, museo, silencio, secuestrados, atentado","furlan, têm brasília, cunha lima, pandemia, grande, cunha, geraldo melo, aqui cima, cinquenta bilhões, vai meio"
"milei_speeches.rds_topic_6","bolsonaro_speeches.rds_topic_25",0.934517094978278,"israel, holocausto, terrorismo, pueblo, judío, pueblo judío, museo, silencio, secuestrados, atentado","skaf, baleia, paulo skaf, prova, aspirantes, lembro, villas boas, ensino, paulo, justiça andré"
"milei_speeches.rds_topic_6","bolsonaro_speeches.rds_topic_26",0.961747765522916,"israel, holocausto, terrorismo, pueblo, judío, pueblo judío, museo, silencio, secuestrados, atentado","pessoas falam, voz, instituto rio, formandos instituto, centenas, decisivos, trabalhem, sítio, minério, rio branco"
"milei_speeches.rds_topic_6","bolsonaro_speeches.rds_topic_27",0.732730409266904,"israel, holocausto, terrorismo, pueblo, judío, pueblo judío, museo, silencio, secuestrados, atentado","icms, tá, cobra, preço, refinaria, km, fruticultura, cobrar icms, combustível, basta"
"milei_speeches.rds_topic_6","bolsonaro_speeches.rds_topic_28",0.826288074453075,"israel, holocausto, terrorismo, pueblo, judío, pueblo judío, museo, silencio, secuestrados, atentado","paraguai, itaipu, cabo verde, binacional, brasil paraguai, itaipu binacional, presidente paraguai, visita, cabo, guiné"
"milei_speeches.rds_topic_6","bolsonaro_speeches.rds_topic_29",0.895425690051311,"israel, holocausto, terrorismo, pueblo, judío, pueblo judío, museo, silencio, secuestrados, atentado","guerson, gente, centavos, paulo guedes, guedes, petrobras, pix, cara, paulo, tcu"
"milei_speeches.rds_topic_6","bolsonaro_speeches.rds_topic_30",0.920373766907289,"israel, holocausto, terrorismo, pueblo, judío, pueblo judío, museo, silencio, secuestrados, atentado","ceará, iris, quero ir, caiado, aqui ceará, roraima, nesse estado, quero citar, deseducado, ninguém deseducado"
"milei_speeches.rds_topic_6","bolsonaro_speeches.rds_topic_31",0.896917217570936,"israel, holocausto, terrorismo, pueblo, judío, pueblo judío, museo, silencio, secuestrados, atentado","italiana, origem italiana, protocolo pessoa, atlântico, pessoa importante, paraquedistas, paraquedista, joão pereira, brigada, senhor joão"
"milei_speeches.rds_topic_6","bolsonaro_speeches.rds_topic_32",0.760167701505579,"israel, holocausto, terrorismo, pueblo, judío, pueblo judío, museo, silencio, secuestrados, atentado","colégio, colégio militar, professora, abril, escolas, escola, tá, militar, aluno, militares"
"milei_speeches.rds_topic_6","bolsonaro_speeches.rds_topic_33",0.948350198379869,"israel, holocausto, terrorismo, pueblo, judío, pueblo judío, museo, silencio, secuestrados, atentado","abraham, educação, atender necessitados, regionais, planos, aprender coisas, regiões planos, cabeça branca, vilarejo, espera abraham"
"milei_speeches.rds_topic_6","bolsonaro_speeches.rds_topic_34",0.964569017867617,"israel, holocausto, terrorismo, pueblo, judío, pueblo judío, museo, silencio, secuestrados, atentado","fausto, bb, daqui paulo, diesel, ida volta, endividou, cachorro quente, tá caro, vender cachorro, bb antecipa"
"milei_speeches.rds_topic_7","bolsonaro_speeches.rds_topic_0",0.992295813282419,"argentinos, país, política, ciento, nación, años, libertad, ley, argentina, naciones","vai, questão, governo, países, gente, pessoas, mundo, região, país, pandemia"
"milei_speeches.rds_topic_7","bolsonaro_speeches.rds_topic_1",0.884731773024597,"argentinos, país, política, ciento, nación, años, libertad, ley, argentina, naciones","deus, vida, vou, pessoas, onde, verdade, família, lá, tudo, deus coração"
"milei_speeches.rds_topic_7","bolsonaro_speeches.rds_topic_2",0.903331827751122,"argentinos, país, política, ciento, nación, años, libertad, ley, argentina, naciones","governador, barbalho, caixa, imposto, paraná, prezado, aqui, estado, todos, amigos"
"milei_speeches.rds_topic_7","bolsonaro_speeches.rds_topic_3",0.825433180493418,"argentinos, país, política, ciento, nación, años, libertad, ley, argentina, naciones","todos, minas gerais, gerais, tarcísio, minas, brasil, aqui, obviamente, estado, satisfação"
"milei_speeches.rds_topic_7","bolsonaro_speeches.rds_topic_4",0.97985573789409,"argentinos, país, política, ciento, nación, años, libertad, ley, argentina, naciones","exército, comandante, comandante exército, general, exército brasileiro, militar, pujol, senhores, forças, generais"
"milei_speeches.rds_topic_7","bolsonaro_speeches.rds_topic_5",0.980111857175645,"argentinos, país, política, ciento, nación, años, libertad, ley, argentina, naciones","cada, hoje, caiado, todos, paulo guedes, guedes, outro, liberdade, brasil hoje, dia"
"milei_speeches.rds_topic_7","bolsonaro_speeches.rds_topic_6",0.983051326616767,"argentinos, país, política, ciento, nación, años, libertad, ley, argentina, naciones","direitos, brasil, cubano, nações, deus, humanos, cubana, imprensa, nações unidas, unidas"
"milei_speeches.rds_topic_7","bolsonaro_speeches.rds_topic_7",0.843359085652726,"argentinos, país, política, ciento, nación, años, libertad, ley, argentina, naciones","tereza cristina, cristina, tereza, questão, inmetro, agricultura, então, coisa, verdade, passado"
"milei_speeches.rds_topic_7","bolsonaro_speeches.rds_topic_8",0.955010855463772,"argentinos, país, política, ciento, nación, años, libertad, ley, argentina, naciones","sacrifício própria, própria vida, servidor, vida, própria, forças, cadetes, 19 93, recebeu 19, servidores"
"milei_speeches.rds_topic_7","bolsonaro_speeches.rds_topic_9",0.924432526335349,"argentinos, país, política, ciento, nación, años, libertad, ley, argentina, naciones","mercosul, bloco, senhoras senhores, josé múcio, múcio, josé, senhoras, acordos, reformas, mario abdo"
"milei_speeches.rds_topic_7","bolsonaro_speeches.rds_topic_10",0.95115975768678,"argentinos, país, política, ciento, nación, años, libertad, ley, argentina, naciones","piauí, mão santa, povo, parnaíba, tudo, brasil povo, grande, acima, nordeste, brasil"
"milei_speeches.rds_topic_7","bolsonaro_speeches.rds_topic_11",0.745252745398321,"argentinos, país, política, ciento, nación, años, libertad, ley, argentina, naciones","toffoli, dias toffoli, levi, jorge, prezado dias, excelência, sentido, vossa excelência, noronha, prezado"
"milei_speeches.rds_topic_7","bolsonaro_speeches.rds_topic_12",0.927580673110649,"argentinos, país, política, ciento, nación, años, libertad, ley, argentina, naciones","questão, terno, gente, lá, jorge seif, seif, jorge, então, informação, caiado"
"milei_speeches.rds_topic_7","bolsonaro_speeches.rds_topic_13",0.869629882958877,"argentinos, país, política, ciento, nación, años, libertad, ley, argentina, naciones","ceagesp, moretti, 2018, sergipe, vida, bem, lado, bala, obviamente, sempre"
"milei_speeches.rds_topic_7","bolsonaro_speeches.rds_topic_14",0.912437356655075,"argentinos, país, política, ciento, nación, años, libertad, ley, argentina, naciones","amazônia, governador, república jair, estado, governadores, sr, jair bolsonaro, presidente, fundo amazônia, então"
"milei_speeches.rds_topic_7","bolsonaro_speeches.rds_topic_15",0.958845467862511,"argentinos, país, política, ciento, nación, años, libertad, ley, argentina, naciones","decreto, fraga, arma, lupion, armas, defesa, peninha, senhor ministro, arma fogo, confiar"
"milei_speeches.rds_topic_7","bolsonaro_speeches.rds_topic_16",0.974106443037776,"argentinos, país, política, ciento, nación, años, libertad, ley, argentina, naciones","aeronáutica, aérea brasileira, aérea, força aérea, força, israel, comandante, comandante aeronáutica, alícia, prestam"
"milei_speeches.rds_topic_7","bolsonaro_speeches.rds_topic_17",0.949134742214502,"argentinos, país, política, ciento, nación, años, libertad, ley, argentina, naciones","brics, cooperação, empresarial, sociedades, temas, ndb, intervenções, inovação, vladimir putin, vladimir"
"milei_speeches.rds_topic_7","bolsonaro_speeches.rds_topic_18",0.938400653948691,"argentinos, país, política, ciento, nación, años, libertad, ley, argentina, naciones","marajó, damares, médicos, cubano, revalida, irmãos marajó, internet, pouco, carreiro, programa médicos"
"milei_speeches.rds_topic_7","bolsonaro_speeches.rds_topic_19",0.947949598268884,"argentinos, país, política, ciento, nación, años, libertad, ley, argentina, naciones","educação física, esporte, física, marcelo, preparo, preparo físico, veleiro, flávio rocha, exército, físico"
"milei_speeches.rds_topic_7","bolsonaro_speeches.rds_topic_20",0.916293979153606,"argentinos, país, política, ciento, nación, años, libertad, ley, argentina, naciones","renan, médico, vacina, flávia arruda, renan calheiros, flávia, titular, arruda, calheiros, pessoas"
"milei_speeches.rds_topic_7","bolsonaro_speeches.rds_topic_21",0.936982101424494,"argentinos, país, política, ciento, nación, años, libertad, ley, argentina, naciones","moro, sergio moro, sergio, difícil parte, agressão, criar meios, rosângela, abriu mão, prezado sergio, esposas"
"milei_speeches.rds_topic_7","bolsonaro_speeches.rds_topic_22",0.952488603787186,"argentinos, país, política, ciento, nación, años, libertad, ley, argentina, naciones","pacheco, éder mauro, valentina, revolucionando, zequinha marinho, éder, agências, telefone, zequinha, obrigado"
"milei_speeches.rds_topic_7","bolsonaro_speeches.rds_topic_23",0.846675567538323,"argentinos, país, política, ciento, nación, años, libertad, ley, argentina, naciones","fórmula, chase, senhor chase, jornalista, carey, senhor, piñera, guaidó, chase carey, presidente"
"milei_speeches.rds_topic_7","bolsonaro_speeches.rds_topic_24",0.861265571344551,"argentinos, país, política, ciento, nación, años, libertad, ley, argentina, naciones","furlan, têm brasília, cunha lima, pandemia, grande, cunha, geraldo melo, aqui cima, cinquenta bilhões, vai meio"
"milei_speeches.rds_topic_7","bolsonaro_speeches.rds_topic_25",0.951503614093247,"argentinos, país, política, ciento, nación, años, libertad, ley, argentina, naciones","skaf, baleia, paulo skaf, prova, aspirantes, lembro, villas boas, ensino, paulo, justiça andré"
"milei_speeches.rds_topic_7","bolsonaro_speeches.rds_topic_26",0.847511561777425,"argentinos, país, política, ciento, nación, años, libertad, ley, argentina, naciones","pessoas falam, voz, instituto rio, formandos instituto, centenas, decisivos, trabalhem, sítio, minério, rio branco"
"milei_speeches.rds_topic_7","bolsonaro_speeches.rds_topic_27",0.823167315388401,"argentinos, país, política, ciento, nación, años, libertad, ley, argentina, naciones","icms, tá, cobra, preço, refinaria, km, fruticultura, cobrar icms, combustível, basta"
"milei_speeches.rds_topic_7","bolsonaro_speeches.rds_topic_28",0.990628528614309,"argentinos, país, política, ciento, nación, años, libertad, ley, argentina, naciones","paraguai, itaipu, cabo verde, binacional, brasil paraguai, itaipu binacional, presidente paraguai, visita, cabo, guiné"
"milei_speeches.rds_topic_7","bolsonaro_speeches.rds_topic_29",0.982855614023355,"argentinos, país, política, ciento, nación, años, libertad, ley, argentina, naciones","guerson, gente, centavos, paulo guedes, guedes, petrobras, pix, cara, paulo, tcu"
"milei_speeches.rds_topic_7","bolsonaro_speeches.rds_topic_30",0.827907968366805,"argentinos, país, política, ciento, nación, años, libertad, ley, argentina, naciones","ceará, iris, quero ir, caiado, aqui ceará, roraima, nesse estado, quero citar, deseducado, ninguém deseducado"
"milei_speeches.rds_topic_7","bolsonaro_speeches.rds_topic_31",0.933399800431074,"argentinos, país, política, ciento, nación, años, libertad, ley, argentina, naciones","italiana, origem italiana, protocolo pessoa, atlântico, pessoa importante, paraquedistas, paraquedista, joão pereira, brigada, senhor joão"
"milei_speeches.rds_topic_7","bolsonaro_speeches.rds_topic_32",0.785702811198496,"argentinos, país, política, ciento, nación, años, libertad, ley, argentina, naciones","colégio, colégio militar, professora, abril, escolas, escola, tá, militar, aluno, militares"
"milei_speeches.rds_topic_7","bolsonaro_speeches.rds_topic_33",0.794308439303154,"argentinos, país, política, ciento, nación, años, libertad, ley, argentina, naciones","abraham, educação, atender necessitados, regionais, planos, aprender coisas, regiões planos, cabeça branca, vilarejo, espera abraham"
"milei_speeches.rds_topic_7","bolsonaro_speeches.rds_topic_34",0.854817127869831,"argentinos, país, política, ciento, nación, años, libertad, ley, argentina, naciones","fausto, bb, daqui paulo, diesel, ida volta, endividou, cachorro quente, tá caro, vender cachorro, bb antecipa"
"milei_speeches.rds_topic_8","bolsonaro_speeches.rds_topic_0",0.938019597974479,"mundo, ideas, occidente, si, wokismo, libertad, cpac, política, instituciones, solo","vai, questão, governo, países, gente, pessoas, mundo, região, país, pandemia"
"milei_speeches.rds_topic_8","bolsonaro_speeches.rds_topic_1",0.921274044461867,"mundo, ideas, occidente, si, wokismo, libertad, cpac, política, instituciones, solo","deus, vida, vou, pessoas, onde, verdade, família, lá, tudo, deus coração"
"milei_speeches.rds_topic_8","bolsonaro_speeches.rds_topic_2",0.983507620137471,"mundo, ideas, occidente, si, wokismo, libertad, cpac, política, instituciones, solo","governador, barbalho, caixa, imposto, paraná, prezado, aqui, estado, todos, amigos"
"milei_speeches.rds_topic_8","bolsonaro_speeches.rds_topic_3",0.946964919260141,"mundo, ideas, occidente, si, wokismo, libertad, cpac, política, instituciones, solo","todos, minas gerais, gerais, tarcísio, minas, brasil, aqui, obviamente, estado, satisfação"
"milei_speeches.rds_topic_8","bolsonaro_speeches.rds_topic_4",0.973634707433469,"mundo, ideas, occidente, si, wokismo, libertad, cpac, política, instituciones, solo","exército, comandante, comandante exército, general, exército brasileiro, militar, pujol, senhores, forças, generais"
"milei_speeches.rds_topic_8","bolsonaro_speeches.rds_topic_5",0.948981049072579,"mundo, ideas, occidente, si, wokismo, libertad, cpac, política, instituciones, solo","cada, hoje, caiado, todos, paulo guedes, guedes, outro, liberdade, brasil hoje, dia"
"milei_speeches.rds_topic_8","bolsonaro_speeches.rds_topic_6",0.950225968906687,"mundo, ideas, occidente, si, wokismo, libertad, cpac, política, instituciones, solo","direitos, brasil, cubano, nações, deus, humanos, cubana, imprensa, nações unidas, unidas"
"milei_speeches.rds_topic_8","bolsonaro_speeches.rds_topic_7",0.942143824261339,"mundo, ideas, occidente, si, wokismo, libertad, cpac, política, instituciones, solo","tereza cristina, cristina, tereza, questão, inmetro, agricultura, então, coisa, verdade, passado"
"milei_speeches.rds_topic_8","bolsonaro_speeches.rds_topic_8",0.899940571987959,"mundo, ideas, occidente, si, wokismo, libertad, cpac, política, instituciones, solo","sacrifício própria, própria vida, servidor, vida, própria, forças, cadetes, 19 93, recebeu 19, servidores"
"milei_speeches.rds_topic_8","bolsonaro_speeches.rds_topic_9",0.970155155958712,"mundo, ideas, occidente, si, wokismo, libertad, cpac, política, instituciones, solo","mercosul, bloco, senhoras senhores, josé múcio, múcio, josé, senhoras, acordos, reformas, mario abdo"
"milei_speeches.rds_topic_8","bolsonaro_speeches.rds_topic_10",0.814370760187179,"mundo, ideas, occidente, si, wokismo, libertad, cpac, política, instituciones, solo","piauí, mão santa, povo, parnaíba, tudo, brasil povo, grande, acima, nordeste, brasil"
"milei_speeches.rds_topic_8","bolsonaro_speeches.rds_topic_11",0.9019566610774,"mundo, ideas, occidente, si, wokismo, libertad, cpac, política, instituciones, solo","toffoli, dias toffoli, levi, jorge, prezado dias, excelência, sentido, vossa excelência, noronha, prezado"
"milei_speeches.rds_topic_8","bolsonaro_speeches.rds_topic_12",0.975744061077916,"mundo, ideas, occidente, si, wokismo, libertad, cpac, política, instituciones, solo","questão, terno, gente, lá, jorge seif, seif, jorge, então, informação, caiado"
"milei_speeches.rds_topic_8","bolsonaro_speeches.rds_topic_13",0.972779529317853,"mundo, ideas, occidente, si, wokismo, libertad, cpac, política, instituciones, solo","ceagesp, moretti, 2018, sergipe, vida, bem, lado, bala, obviamente, sempre"
"milei_speeches.rds_topic_8","bolsonaro_speeches.rds_topic_14",0.922504099682304,"mundo, ideas, occidente, si, wokismo, libertad, cpac, política, instituciones, solo","amazônia, governador, república jair, estado, governadores, sr, jair bolsonaro, presidente, fundo amazônia, então"
"milei_speeches.rds_topic_8","bolsonaro_speeches.rds_topic_15",0.952989780881562,"mundo, ideas, occidente, si, wokismo, libertad, cpac, política, instituciones, solo","decreto, fraga, arma, lupion, armas, defesa, peninha, senhor ministro, arma fogo, confiar"
"milei_speeches.rds_topic_8","bolsonaro_speeches.rds_topic_16",0.867272422512901,"mundo, ideas, occidente, si, wokismo, libertad, cpac, política, instituciones, solo","aeronáutica, aérea brasileira, aérea, força aérea, força, israel, comandante, comandante aeronáutica, alícia, prestam"
"milei_speeches.rds_topic_8","bolsonaro_speeches.rds_topic_17",0.79713667776563,"mundo, ideas, occidente, si, wokismo, libertad, cpac, política, instituciones, solo","brics, cooperação, empresarial, sociedades, temas, ndb, intervenções, inovação, vladimir putin, vladimir"
"milei_speeches.rds_topic_8","bolsonaro_speeches.rds_topic_18",0.804698693903175,"mundo, ideas, occidente, si, wokismo, libertad, cpac, política, instituciones, solo","marajó, damares, médicos, cubano, revalida, irmãos marajó, internet, pouco, carreiro, programa médicos"
"milei_speeches.rds_topic_8","bolsonaro_speeches.rds_topic_19",0.848239956351242,"mundo, ideas, occidente, si, wokismo, libertad, cpac, política, instituciones, solo","educação física, esporte, física, marcelo, preparo, preparo físico, veleiro, flávio rocha, exército, físico"
"milei_speeches.rds_topic_8","bolsonaro_speeches.rds_topic_20",0.775748305424331,"mundo, ideas, occidente, si, wokismo, libertad, cpac, política, instituciones, solo","renan, médico, vacina, flávia arruda, renan calheiros, flávia, titular, arruda, calheiros, pessoas"
"milei_speeches.rds_topic_8","bolsonaro_speeches.rds_topic_21",0.980222558078194,"mundo, ideas, occidente, si, wokismo, libertad, cpac, política, instituciones, solo","moro, sergio moro, sergio, difícil parte, agressão, criar meios, rosângela, abriu mão, prezado sergio, esposas"
"milei_speeches.rds_topic_8","bolsonaro_speeches.rds_topic_22",0.961350995836244,"mundo, ideas, occidente, si, wokismo, libertad, cpac, política, instituciones, solo","pacheco, éder mauro, valentina, revolucionando, zequinha marinho, éder, agências, telefone, zequinha, obrigado"
"milei_speeches.rds_topic_8","bolsonaro_speeches.rds_topic_23",0.942402206198136,"mundo, ideas, occidente, si, wokismo, libertad, cpac, política, instituciones, solo","fórmula, chase, senhor chase, jornalista, carey, senhor, piñera, guaidó, chase carey, presidente"
"milei_speeches.rds_topic_8","bolsonaro_speeches.rds_topic_24",0.966406843084678,"mundo, ideas, occidente, si, wokismo, libertad, cpac, política, instituciones, solo","furlan, têm brasília, cunha lima, pandemia, grande, cunha, geraldo melo, aqui cima, cinquenta bilhões, vai meio"
"milei_speeches.rds_topic_8","bolsonaro_speeches.rds_topic_25",0.984685071737122,"mundo, ideas, occidente, si, wokismo, libertad, cpac, política, instituciones, solo","skaf, baleia, paulo skaf, prova, aspirantes, lembro, villas boas, ensino, paulo, justiça andré"
"milei_speeches.rds_topic_8","bolsonaro_speeches.rds_topic_26",0.967542116394388,"mundo, ideas, occidente, si, wokismo, libertad, cpac, política, instituciones, solo","pessoas falam, voz, instituto rio, formandos instituto, centenas, decisivos, trabalhem, sítio, minério, rio branco"
"milei_speeches.rds_topic_8","bolsonaro_speeches.rds_topic_27",0.798183729805963,"mundo, ideas, occidente, si, wokismo, libertad, cpac, política, instituciones, solo","icms, tá, cobra, preço, refinaria, km, fruticultura, cobrar icms, combustível, basta"
"milei_speeches.rds_topic_8","bolsonaro_speeches.rds_topic_28",0.922510463560963,"mundo, ideas, occidente, si, wokismo, libertad, cpac, política, instituciones, solo","paraguai, itaipu, cabo verde, binacional, brasil paraguai, itaipu binacional, presidente paraguai, visita, cabo, guiné"
"milei_speeches.rds_topic_8","bolsonaro_speeches.rds_topic_29",0.969552988542935,"mundo, ideas, occidente, si, wokismo, libertad, cpac, política, instituciones, solo","guerson, gente, centavos, paulo guedes, guedes, petrobras, pix, cara, paulo, tcu"
"milei_speeches.rds_topic_8","bolsonaro_speeches.rds_topic_30",0.934415029752127,"mundo, ideas, occidente, si, wokismo, libertad, cpac, política, instituciones, solo","ceará, iris, quero ir, caiado, aqui ceará, roraima, nesse estado, quero citar, deseducado, ninguém deseducado"
"milei_speeches.rds_topic_8","bolsonaro_speeches.rds_topic_31",0.95126813367999,"mundo, ideas, occidente, si, wokismo, libertad, cpac, política, instituciones, solo","italiana, origem italiana, protocolo pessoa, atlântico, pessoa importante, paraquedistas, paraquedista, joão pereira, brigada, senhor joão"
"milei_speeches.rds_topic_8","bolsonaro_speeches.rds_topic_32",0.808357876270883,"mundo, ideas, occidente, si, wokismo, libertad, cpac, política, instituciones, solo","colégio, colégio militar, professora, abril, escolas, escola, tá, militar, aluno, militares"
"milei_speeches.rds_topic_8","bolsonaro_speeches.rds_topic_33",0.939453802086157,"mundo, ideas, occidente, si, wokismo, libertad, cpac, política, instituciones, solo","abraham, educação, atender necessitados, regionais, planos, aprender coisas, regiões planos, cabeça branca, vilarejo, espera abraham"
"milei_speeches.rds_topic_8","bolsonaro_speeches.rds_topic_34",0.971765480428718,"mundo, ideas, occidente, si, wokismo, libertad, cpac, política, instituciones, solo","fausto, bb, daqui paulo, diesel, ida volta, endividou, cachorro quente, tá caro, vender cachorro, bb antecipa"
